Name,ID,Tier,Range,Slot,Reload,Shot Interval,Shot Subinterval,AOE,Ammo,Particles per Shot,Attribute2,Attribute3,Attribute4,Attribute5,Attribute6,Lv1_Damage,Lv2_Damage,Lv3_Damage,Lv4_Damage,Lv5_Damage,Lv6_Damage,Lv7_Damage,Lv8_Damage,Lv9_Damage,Lv10_Damage,Lv11_Damage,Lv12_Damage,MK2_Lv1_Damage,MK2_Lv2_Damage,MK2_Lv3_Damage,MK2_Lv4_Damage,MK2_Lv5_Damage,MK2_Lv6_Damage,MK2_Lv7_Damage,MK2_Lv8_Damage,MK2_Lv9_Damage,MK2_Lv10_Damage,MK2_Lv11_Damage,MK2_Lv12_Damage,MK3_Lv1_Damage
Punisher,1,1,500,Light,10,0.09,0,,220,1,Manual,Automatic,Magazine,Acceleration,,160,180,200,220,240,260,290,320,350,390,430,470,470,479,488,497,506,515,524,533,542,551,560,569,597
Molot,2,1,800,Light,10,0.215,0,,70,1,Manual,Automatic,Magazine,Acceleration,,279,303,327,363,400,436,484,533,581,642,702,775,775,790,805,820,835,850,865,880,895,910,925,940,987
Aphid,3,1,350,Light,10,1,0,0.25,1,8,Target lock-on,Volley,Magazine,Homing,,,,,,9352,10272,11264,12400,13608,14984,16504,18104,18104,18440,18776,19112,19448,19784,20120,20456,20792,21128,21464,21800,22888
Spiral,4,1,600,Light,12,1,0.2,0.2,3,3,Target lock-on,Volley,Magazine,Homing,,2760,3030,3330,3660,4020,4410,4830,5310,5820,6390,7020,7710,7710,7851,7992,8133,8274,8415,8556,8697,8838,8979,9120,9261,9723
Gekko,5,1,1100,Light,11,0.1,0,,30,1,Manual,Automatic,Reloads while firing,,,,,,,157,172,189,208,229,252,277,304,304,310,315,321,326,332,338,343,349,354,360,366,384
Pin,7,1,500,Light,12,0.5,0,19,4,1,Manual,Volley,Reloads while firing,Area damage,,,,,,1420,1560,1710,1880,2070,2280,2510,2760,2760,2810,2860,2910,2960,3010,3060,3110,3160,3210,3260,3310,3475
Punisher T,8,1,500,Medium,10,0.09,0,,220,1,Manual,Automatic,Magazine,Acceleration,,260,290,320,350,390,430,470,520,570,630,690,760,760,774,788,802,816,830,844,858,872,886,900,914,959
Nashorn,9,1,1100,Heavy,9,1,0,,1,1,Manual,Single,Magazine,,,,,4950,5430,5970,6560,7200,7910,8690,9560,10500,11560,11560,11770,11980,12190,12400,12610,12820,13030,13240,13450,13660,13870,14563
Thunder,11,1,500,Heavy,10,1,0,,5,16,Manual,Volley,Reloads while firing,,,,,,,8640,9520,10480,11520,12640,13920,15360,16880,16880,17200,17440,17840,18080,18400,18720,19040,19360,19680,20000,20240,21248
Kang Dae,12,1,800,Heavy,6,1,0,,1,1,Manual,Single,Magazine,,,,,,,5070,5570,6120,6720,7390,8120,8920,9800,9800,9980,10160,10340,10520,10700,10880,11060,11240,11420,11600,11780,12369
Zenit,13,1,1100,Heavy,15,1.7,0.3,20,18,2,Manual,Automatic,Magazine,Area damage,Artillery,,,,,2688,2952,3244,3566,3918,4306,4732,5200,5200,5300,5400,5500,5600,5700,5800,5900,6000,6100,6200,6300,6614
Trident,16,1,600,Heavy,9,1,0,12,3,1,Manual,Volley,Reloads while firing,Area damage,,2933,3220,3542,3887,4267,4692,5152,5658,6222,6842,7521,8280,8280,8430,8579,8729,8878,9028,9177,9327,9476,9626,9775,9925,10421
Molot T,19,1,800,Medium,10,0.215,0,,70,1,Manual,Automatic,Magazine,Acceleration,,420,460,510,550,600,660,720,800,880,970,1070,1175,1175,1199,1223,1247,1271,1295,1319,1343,1367,1391,1415,1439,1510
Noricum,27,1,1100,Light,15,1,0.05,20,14,14,Manual,Volley,Magazine,Area damage,Artillery,,,,,8540,9380,10304,11326,12446,13678,15036,16520,16520,16828,17136,17444,17752,18060,18368,18676,18984,19292,19600,19908,20902
Pinata,6,2,300,Light,14.96,0.088,0,10,17,1,Manual,Volley,Reloads while firing,Area damage,,,,,,759,836,913,1001,1111,1221,1342,1468,1468,1496,1523,1551,1578,1606,1633,1661,1688,1716,1743,1771,1859
Zeus,14,2,600,Heavy,5,1,0.1,,10,10,Target lock-on,Volley,Magazine,,,,,,,12320,13540,14870,16350,17970,19740,21700,23840,23840,24270,24710,25140,25580,26020,26450,26890,27320,27760,28190,28630,30060
Trebuchet,15,2,1100,Heavy,21,3,0,,18,18,Manual,Single,Accumulates charges,,,8766,9522,10530,11520,12528,13770,15012,16524,18288,20034,22050,24300,24300,24696,25110,25542,25938,26352,26766,27162,27576,27990,28404,28800,30240
Orkan,20,2,300,Medium,20,0.12,0,10,25,1,Manual,Volley,Reloads while firing,Area damage,,,,,,946,1045,1144,1265,1386,1529,1672,1837,1837,1870,1903,1936,1969,2002,2035,2068,2101,2134,2167,2200,2310
Tulumbas,21,2,500,Medium,18,0.23,0,19,8,1,Manual,Volley,Reloads while firing,Area damage,,,,,,1485,1628,1793,1969,2167,2387,2618,2871,2871,2923,2976,3029,3082,3135,3187,3240,3293,3346,3399,3451,3624
Taran,22,2,350,Medium,5.68,1.2,0.15,,32,4,Manual,Automatic,Magazine,,,3696,4068,4444,4840,5412,5896,6512,7128,7832,8580,9460,10384,10384,10560,10736,10912,11088,11264,11440,11616,11792,11968,12144,12320,12936
Hydra,24,2,600,Medium,12,1.1,0,0.2,6,1,Target lock-on,Automatic,Magazine,Homing,,1081,1190,1308,1439,1583,1742,1916,2107,2318,2550,2805,3085,3085,3132,3179,3226,3275,3324,3374,3424,3476,3528,3581,3634,3816
Magnum,26,2,350,Light,0.55,0.55,0,,1,1,Manual,Automatic,Magazine,,,957,1045,1155,1276,1408,1540,1683,1859,2046,2244,2464,2706,2706,2755,2805,2854,2904,2953,3003,3052,3102,3151,3201,3250,3413
Storm,32,2,500,Medium,10,0.5,0,,5,6,Manual,Volley,Reloads while firing,Close combat,,3264,3594,3960,4356,4782,5244,5772,6366,6996,7686,8478,9306,9306,9468,9636,9834,9996,10164,10326,10494,10656,10824,10986,11154,11706
Gust,33,2,500,Light,9,0.3,0,,5,4,Manual,Volley,Reloads while firing,Close combat,,2132,2352,2572,2836,3124,3432,3784,4136,4576,5036,5520,6072,6072,6204,6292,6424,6512,6644,6732,6864,6972,7060,7192,7280,7644
Arbalest,35,2,1100,Light,6,1,0,,10,10,Manual,Single,Accumulates charges,,,3650,4010,4420,4860,5340,5880,6470,7110,7820,8610,9470,10410,10410,10570,10730,10890,11050,11220,11390,11560,11730,11910,12090,12270,12880
Ion,38,2,600,Medium,5,1,0.1,,10,10,Target lock-on,Volley,Magazine,,,7590,8340,9180,10100,11110,12220,13440,14780,16260,17890,19680,21640,21640,21970,22300,22630,22970,23320,23670,24020,24380,24750,25120,25500,26770
Ballista,41,2,1100,Medium,6,1,0,,10,10,Manual,Single,Accumulates charges,,,4310,4790,5420,5910,6540,7020,7820,8610,9420,10380,11330,12460,12460,12670,12890,13100,13330,13540,13760,13970,14200,14410,14630,14850,15580
Exodus,43,2,300,Heavy,23,0.2,0,10,23,1,Manual,Volley,Reloads while firing,Area damage,,1837,2013,2211,2431,2662,2937,3223,3531,3883,4268,4697,5159,5159,5253,5348,5442,5537,5632,5726,5821,5915,6010,6105,6199,6509
Avenger,44,2,500,Heavy,10,0.09,0,,220,2,Manual,Automatic,Magazine,Acceleration,,484,528,572,638,682,770,824,924,1000,1110,1232,1320,1320,1352,1374,1396,1430,1452,1474,1496,1518,1540,1562,1584,1662
Sting,51,2,600,Light,3,1,0.13,,6,6,Manual,Volley,Magazine,DOT,,3510,3852,4230,4650,5106,5616,6180,6786,7458,8190,9006,9912,9912,10074,10242,10404,10572,10734,10902,11064,11232,11394,11562,11724,12312
Tempest,17,3,800,Heavy,10,0.215,0,,70,1,Manual,Automatic,Magazine,Acceleration,,850,937,1025,1125,1237,1362,1500,1662,1825,2012,2212,2425,2425,2470,2515,2560,2605,2650,2695,2740,2785,2830,2875,2920,3066
Ember,18,3,350,Heavy,5,0.07,0,8,230,1,Manual,Automatic,Magazine,Area damage,,314,349,384,437,472,524,577,646,681,767,837,916,916,930,945,960,974,988,1003,1017,1032,1053,1075,1096,1150
Scourge,25,3,600,Medium,5,0.09,0,,85,1,Target lock-on,Automatic,Magazine,Close combat,,179,197,216,237,261,286,313,344,378,416,457,502,502,511,519,528,537,546,554,563,572,581,591,600,630
Shocktrain,28,3,500,Medium,8,3,0,,5,5,Target lock-on,Single,Magazine,Chain damage,,7530,8340,9150,10125,11095,12150,13365,14580,16115,17735,19520,21545,21545,21870,22275,22680,23085,23490,23895,24300,24705,25110,25430,25835,27130
Redeemer,34,3,350,Heavy,5.68,1.2,0.15,,32,4,Manual,Automatic,Magazine,,,7952,8736,9632,10584,11676,12796,14056,15456,16996,18676,20552,22596,22596,22960,23324,23688,24080,24472,24892,25340,25788,26236,26684,27132,28488
Dragoon,36,3,600,Heavy,12,1,0,,4,1,Manual,Automatic,Reloads while firing,,,5455,6001,6601,7261,7987,8785,9664,10630,11693,12863,14149,15564,15564,15797,16034,16275,16519,16767,17018,17273,17532,17795,18062,18333,19250
Vortex,37,3,350,Medium,9,1,0,1,1,6,Target lock-on,Volley,Magazine,Homing,,15948,17598,19248,21180,23238,25578,28050,30798,33828,37128,40836,44964,44964,45786,46614,47436,48264,49086,49914,50736,51564,52386,53214,54036,56742
Thermite,39,3,350,Heavy,10,1,0,0.25,1,4,Target lock-on,Volley,Magazine,Homing,,22400,24800,26800,29600,32800,36000,39600,43200,47600,52400,57600,63200,63200,64400,65600,66800,68000,69200,70400,71200,72800,73600,74800,76000,80000
Flux,40,3,1100,Heavy,11,0.1,0,,33,1,Manual,Automatic,Reloads while firing,,,368,405,446,490,539,593,653,718,790,869,956,1051,1051,1067,1083,1099,1116,1132,1149,1167,1184,1202,1220,1238,1300
Spark,42,3,600,Light,5,0.1,0,,100,1,Target lock-on,Automatic,Magazine,Close combat,,161,177,194,214,235,259,285,313,344,379,417,458,458,465,472,479,487,494,501,509,516,524,532,540,567
Chimera,45,3,600,Heavy,8,2.4,0.2,0.2,9,3,Target lock-on,Automatic,Magazine,Homing,,4800,5100,5700,6300,6900,7500,8400,9300,10200,11100,12300,13500,13500,13800,14100,14400,14700,15000,15300,15600,15900,16200,16500,16800,17100
Shredder,47,3,500,Light,5,0.08,0,,40,1,Manual,Automatic,Magazine,Lock-down,,393,431,481,531,575,637,700,768,843,925,1025,1125,1125,1150,1168,1193,1212,1237,1256,1275,1300,1318,1343,1362,1430
Halo,48,3,500,Light,9,0.3,0,,5,10,Manual,Volley,Reloads while firing,Lock-down,,3020,3430,3650,4120,4530,5020,5500,6050,6670,7280,8050,8800,8800,8870,9070,9210,9350,9560,9700,9830,9970,10170,10310,10450,10970
Corona,49,3,500,Medium,9,0.5,0,,5,20,Manual,Volley,Reloads while firing,Lock-down,,4120,4400,4940,5500,6040,6600,7140,7960,8660,9620,10440,11540,11540,11820,11960,12100,12360,12640,12800,12920,13200,13460,13620,13740,14440
Glory,50,3,500,Heavy,9,0.5,0,,5,20,Manual,Volley,Reloads while firing,Lock-down,,6320,7020,7840,8520,9340,10440,11420,12640,13740,15260,16760,18300,18300,18700,18960,19240,19660,20060,20340,20620,21040,21320,21720,22000,23100
Viper,53,3,500,Heavy,10,0.1,0,,150,1,Manual,Automatic,Magazine,Acceleration,DOT,455,501,550,604,665,730,802,882,968,1065,1170,1286,1286,1307,1328,1349,1370,1391,1412,1433,1461,1489,1517,1547,1624
Blaze,54,3,350,Light,5,0.07,0,8,230,1,Manual,Automatic,Magazine,Area damage,,170,187,206,226,249,274,301,331,364,401,441,485,485,492,500,507,515,523,530,538,546,555,563,571,600
Marquess,55,3,600,Light,12,0.5,0,,8,1,Manual,Automatic,Reloads while firing,,,605,666,732,805,886,974,1072,1178,1296,1426,1569,1726,3073,3119,3165,3212,3261,3310,3360,3410,3461,3513,3566,3619,3800
Calamity,56,3,600,Heavy,5,0.1,0,,85,1,Target lock-on,Automatic,Magazine,Close combat,,291,320,352,387,425,468,515,566,623,685,753,829,829,841,854,869,884,900,916,931,947,963,978,994,1043
Avalanche,57,3,500,Heavy,8,0.2,0,12,24,1,Manual,Volley,Reloads while firing,Area damage,,1085,1204,1323,1456,1603,1764,1939,2135,2352,2583,2842,3122,3122,3178,3234,3290,3353,3409,3472,3528,3584,3640,3696,3752,3939
Igniter,58,3,350,Medium,5,0.07,0,8,230,1,Manual,Automatic,Magazine,Area damage,,261,287,315,347,382,420,462,508,559,615,676,744,744,755,766,778,789,801,813,826,838,850,863,876,920
Hussar,59,3,600,Medium,12,0.5,0,,8,1,Manual,Automatic,Reloads while firing,,,2463,2709,2980,3278,3605,3966,4363,4799,5279,5807,6387,7026,7026,7131,7238,7347,7457,7569,7682,7798,7915,8033,8154,8276,8690
Cryo,60,3,350,Medium,10.5,0.09,0,10,35,1,Manual,Volley,Reloads while firing,Area damage,Freeze,708,779,857,943,1037,1141,1255,1381,1519,1670,1738,2021,2021,2052,2082,2114,2145,2177,2210,2243,2277,2311,2346,2381,2500
Glacier,61,3,350,Heavy,10.5,0.09,0,10,35,1,Manual,Volley,Reloads while firing,Area damage,Freeze,1242,1367,1505,1661,1831,2018,2219,2453,2701,2979,3275,3601,3601,3666,3730,3795,3860,3924,3991,4055,4120,4185,4249,4315,4531
Rime,62,3,350,Light,10.5,0.09,0,10,35,1,Manual,Volley,Reloads while firing,Area damage,Freeze,493,549,607,676,746,832,917,1015,1128,1240,1368,1509,1509,1537,1565,1593,1622,1650,1678,1706,1734,1764,1791,1819,1910
Volt,74,3,800,Light,5.9,1,0,,7,7,Manual,Single,Accumulates charges,Ignores defence systems,Defense Mitigation,3304,3633,3997,4396,4837,5320,5852,6433,7077,7791,8568,9422,9422,9562,9709,9856,10003,10150,10304,10458,10612,10773,10934,11102,11655
Weber,75,3,800,Medium,5.9,1,0,,7,7,Manual,Single,Accumulates charges,Ignores defence systems,Defense Mitigation,4956,5453,5999,6601,7259,7987,8785,9667,10633,11690,12866,14147,14147,14364,14574,14798,15015,15239,15470,15701,15939,16177,16422,16667,17500
Gauss,76,3,800,Heavy,5.9,1,0,,7,7,Manual,Single,Accumulates charges,Ignores defence systems,Defense Mitigation,6608,7266,7994,8792,9674,10640,11704,12873,14161,15575,17136,18844,18844,19131,19418,19705,20006,20300,20608,20916,21231,21546,21875,22197,23310
Scald,84,3,500,Light,6,0.35,0,10,8,1,Manual,Volley,Reloads while firing,Area damage,BLASTCHARGE,513,565,621,683,751,827,910,1001,1101,1212,1334,1467,1467,1493,1520,1547,1575,1601,1628,1654,1681,1708,1734,1761,1849
Scorcher,85,3,500,Medium,12,0.35,0,10,16,2,Manual,Volley,Reloads while firing,Area damage,BLASTCHARGE,792,870,956,1052,1158,1274,1402,1540,1694,1864,2052,2256,2256,2298,2340,2380,2422,2464,2502,2544,2586,2626,2668,2710,2844
Incinerator,86,3,500,Heavy,12,0.35,0,10,32,4,Manual,Volley,Reloads while firing,Area damage,BLASTCHARGE,1120,1224,1348,1484,1632,1796,1968,2164,2384,2624,2888,3180,3180,3368,3420,3472,3528,3576,3632,3688,3740,3796,3856,3912,4104
Hel,89,3,600,Heavy,15,0.1,0,,48,1,Manual,Automatic,Reloads while firing,Freeze,,636,700,770,848,932,1025,1128,1241,1364,1501,1651,1817,1817,1844,1872,1900,1928,1957,1986,2015,2046,2077,2108,2139,2246
Skadi,90,3,600,Medium,15,0.1,0,,48,1,Manual,Automatic,Reloads while firing,Freeze,,409,450,496,545,599,660,726,798,878,966,1062,1169,1169,1186,1203,1221,1240,1258,1278,1297,1317,1336,1355,1376,1445
Snaer,91,3,600,Light,15,0.1,0,,48,1,Manual,Automatic,Reloads while firing,Freeze,,306,337,370,407,448,492,542,596,656,721,794,874,874,887,900,913,927,941,955,969,984,998,1013,1028,1080
Puncher,98,3,500,Heavy,5,0.08,0,,40,1,Manual,Volley,Magazine,Lock-down,,935,1024,1143,1261,1365,1513,1662,1825,2003,2196,2433,2670,2670,2729,2774,2833,2878,2936,2981,3026,3085,3129,3189,3233,3395
Fainter,116,3,600,Medium,18,0.13,0,,30,1,Manual,Automatic,Reloads while not firing,Lock-down,,1221,1343,1476,1624,1786,1966,2162,2378,2616,2877,3165,3482,3482,3534,3587,3641,3695,3751,3807,3864,3922,3980,4041,4101,4306
Pulsar,46,4,600,Medium,5,0.22,0,,24,1,Manual,Automatic,Magazine,Lock-down,,756,832,920,1021,1121,1235,1361,1488,1651,1814,2003,2205,2205,2246,2286,2326,2366,2407,2447,2488,2527,2568,2608,2649,2781
Wasp,52,4,600,Medium,12,0.5,0,,12,1,Manual,Automatic,Magazine,DOT,,1726,1903,2092,2306,2545,2797,3074,3389,3730,4108,4523,4977,4977,5068,5159,5249,5340,5431,5522,5612,5702,5793,5884,5975,6274
Atomizer,69,4,500,Medium,0.15,0.15,0,,1,0,Manual,Unlimited ammo,Instability,,,568,624,693,762,832,914,998,1095,1220,1330,1469,1622,1622,1650,1677,1691,1733,1760,1788,1815,1843,1871,1899,1940,2038
Nucleon,70,4,500,Heavy,0.15,0.15,0,,1,0,Manual,Unlimited ammo,Instability,,,914,998,1122,1220,1345,1469,1607,1760,1968,2148,2370,2620,2620,2661,2703,2731,2800,2841,2883,2924,2980,3021,3063,3132,3289
Quarker,71,4,500,Light,0.15,0.15,0,,1,0,Manual,Unlimited ammo,Instability,,,499,554,624,680,749,818,887,970,1095,1192,1317,1455,1455,1469,1497,1511,1553,1580,1594,1622,1650,1677,1705,1746,1833
Scatter,77,4,200,Light,16,0.5,0,,8,5,Manual,Volley,Reloads while firing,Durability damage,,2960,3275,3590,3940,4315,4755,5260,5795,6365,7025,7685,8475,8475,8665,8820,9010,9165,9355,9545,9735,9955,10145,10330,10555,11080
Havoc,78,4,200,Medium,16,0.5,0,,8,7,Manual,Volley,Reloads while firing,Durability damage,,4452,4893,5383,5908,6482,7147,7896,8645,9527,10493,11557,12698,12698,12964,13230,13496,13762,14021,14287,14595,14903,15169,15477,15785,16576
Devastator,79,4,200,Heavy,16,0.5,0,,8,10,Manual,Volley,Reloads while firing,Durability damage,,6490,7060,7810,8570,9450,10400,11400,12600,13800,15180,16760,18400,18400,18770,19150,19530,19970,20350,20790,21170,21610,22050,22490,22930,24080
Hornet,82,4,600,Heavy,12,0.5,0,,12,2,Manual,Automatic,Magazine,DOT,,2356,2596,2848,3150,3478,3844,4222,4650,5116,5632,6212,6842,6842,6968,7182,7308,7434,7586,7774,7838,7926,8052,8128,8190,8600
Magnetar,83,4,600,Light,5,0.22,0,,24,1,Manual,Automatic,Magazine,Lock-down,,612,673,741,815,896,986,1085,1193,1312,1444,1588,1746,1746,1773,1799,1826,1853,1881,1910,1939,1967,1997,2027,2057,2160
Bane,94,4,300,Heavy,3,0.05,0,10,120,1,Manual,Volley,Magazine,Area damage,DOT,171,189,209,238,257,284,313,351,370,417,455,498,498,506,514,522,530,537,545,554,562,572,585,597,626
Toxin,95,4,300,Light,3,0.05,0,10,120,1,Manual,Volley,Magazine,Area damage,DOT,81,90,99,113,122,135,149,167,176,198,216,237,237,240,244,248,252,255,258,263,266,272,278,284,297
Prisma,96,4,1100,Heavy,17,0.1,0,,50,1,Manual,Automatic,Reloads while firing,,,269,296,326,358,394,434,477,525,577,635,698,768,768,780,791,803,815,827,840,852,865,878,891,905,950
Venom,97,4,300,Medium,3,0.05,0,10,120,1,Manual,Volley,Magazine,Area damage,DOT,122,135,149,169,183,203,223,250,264,297,324,356,356,361,366,372,378,383,389,394,400,408,418,426,446
Kramola,101,4,500,Light,18,0.09,0,,90,2,Manual,Automatic,Reloads while firing,,,192,212,234,258,282,312,342,376,414,456,500,550,550,560,576,586,598,610,626,632,638,648,654,658,692
Razdor,102,4,500,Medium,18,0.09,0,,90,2,Manual,Automatic,Reloads while firing,,,246,270,298,326,358,394,434,478,524,576,634,696,696,712,730,746,760,774,794,802,808,822,830,836,876
Smuta,103,4,500,Heavy,18,0.09,0,,90,2,Manual,Automatic,Reloads while firing,,,370,406,448,492,542,596,656,720,792,872,960,1054,1054,1072,1088,1104,1120,1136,1154,1172,1188,1206,1224,1242,1306
Cudgel,106,4,500,Light,5,0.2,0,6,16,4,Manual,Volley,Magazine,Area damage,BLASTCHARGE,1012,1116,1228,1352,1484,1632,1800,1976,2172,2392,2628,2888,2888,2940,3036,3088,3148,3204,3292,3320,3348,3404,3436,3464,3640
Mace,107,4,500,Medium,5,0.2,0,6,16,6,Manual,Volley,Magazine,Area damage,BLASTCHARGE,1524,1674,1848,2034,2232,2460,2700,2970,3270,3594,3942,4338,4338,4416,4554,4632,4728,4818,4944,4986,5034,5118,5160,5214,5466
Hammer,108,4,500,Heavy,5,0.2,0,6,16,8,Manual,Volley,Magazine,Area damage,BLASTCHARGE,2032,2232,2464,2712,2976,3280,3600,3960,4360,4792,5256,5784,5784,5888,6072,6176,6304,6424,6592,6648,6712,6824,6880,6952,7288
Blight,111,4,600,Light,3,1.9,0.18,,9,3,Manual,Volley,Magazine,,,4212,4635,5098,5607,6170,6786,7466,8208,9032,9936,10926,12020,12020,12200,12380,12568,12758,12946,13144,13342,13540,13743,13950,14157,14868
Hazard,112,4,600,Medium,3,1.9,0.18,,9,3,Manual,Volley,Magazine,,,5738,6314,6944,7636,8402,9243,10166,11182,12298,13532,14886,16376,16376,16618,16870,17118,17379,17640,17901,18171,18446,18720,19004,19287,20250
Decay,113,4,600,Heavy,3,1.9,0.18,,9,3,Manual,Volley,Magazine,,,7641,8406,9252,10174,11192,12312,13540,14895,16384,18022,19827,21812,21812,22136,22464,22806,23148,23494,23846,24201,24566,24934,25308,25690,26973
Claw,117,4,350,Light,5,0.8,0,20,24,1,Manual,Volley,Magazine,Area damage,Homing,1008,1108,1219,1340,1473,1628,1794,1971,2171,2381,2614,2879,2879,2935,2990,3035,3091,3146,3190,3245,3300,3356,3400,3455,3600
Jaw,118,4,350,Medium,5,0.8,0,20,24,1,Manual,Volley,Magazine,Area damage,Homing,1751,1926,2119,2330,2562,2819,3101,3411,3752,4127,4541,4995,4995,5086,5176,5267,5358,5449,5540,5630,5721,5811,5903,5994,6244
Talon,119,4,350,Heavy,5,0.8,0,20,24,1,Manual,Volley,Magazine,Area damage,Homing,2143,2360,2597,2858,3139,3455,3804,4186,4601,5062,5571,6125,6125,6235,6351,6462,6573,6683,6794,6905,7016,7126,7242,7354,7658
Spear,120,4,500,Light,1,1,0,,1,1,Manual,Automatic,Magazine,,,1822,2010,2203,2419,2658,2923,3211,3528,3882,4262,4688,5149,5149,5256,5408,5509,5610,5717,5869,5918,5970,6077,6128,6178,6488
Taeja,123,4,800,Light,3.25,0.4,0,,1,0,Manual,Unlimited ammo,Burnout,,,284,313,345,379,417,459,505,555,610,671,739,812,812,824,837,850,862,875,888,902,915,929,943,957,1005
Yeoje,124,4,800,Medium,3.25,0.4,0,,1,0,Manual,Unlimited ammo,Burnout,,,373,410,451,497,546,601,661,727,799,880,968,1065,1065,1081,1097,1113,1130,1148,1165,1182,1199,1217,1236,1255,1317
Hwangje,125,4,800,Heavy,3.25,0.4,0,,1,0,Manual,Unlimited ammo,Burnout,,,452,497,547,602,661,728,801,880,968,1066,1172,1289,1289,1308,1328,1348,1368,1388,1409,1430,1453,1473,1496,1517,1594
Needle,135,4,150,Light,1.2,1,0,,1,1,Manual,Magazine,,,,3056,3370,3704,4072,4482,4925,5422,5962,6556,7214,7938,8737,8737,8867,8996,9126,9266,9407,9547,9688,9839,9979,10130,10282,10800
Spike,136,4,150,Medium,1.2,1,0,,1,1,Manual,Magazine,,,,4288,4709,5184,5702,6275,6901,7592,8348,9180,10109,11113,12226,12226,12409,12593,12787,12971,13165,13370,13565,13770,13975,14191,14396,15115
Stake,137,4,150,Heavy,1.2,1,0,,1,1,Manual,Magazine,,,,5049,5554,6108,6722,7395,8138,8950,9841,10821,11910,13098,14405,14405,14622,14840,15068,15296,15523,15751,15989,16226,16474,16721,16969,17820
Reaper,139,4,1100,Heavy,15,0.25,0,,6,1,Manual,Volley,Magazine,Defense Breach,,2115,2327,2556,2813,3096,3402,3744,4118,4532,4982,5481,6030,6030,6120,6210,6305,6399,6494,6593,6692,6795,6894,6998,7106,7457
Cestus,142,4,500,Heavy,5,1,0.13,10,25,5,Manual,Volley,Magazine,Area damage,BLASTCHARGE,5540,6095,6700,7375,8115,8925,9815,10795,11875,13065,14370,15810,15810,16045,16285,16530,16780,17030,17285,17540,17810,18075,18345,18620,19555
Labrys,143,4,500,Medium,5,1,0.13,10,25,5,Manual,Volley,Magazine,Area damage,BLASTCHARGE,3325,3660,4025,4425,4865,5355,5890,6480,7130,7840,8620,9485,9485,9630,9770,9920,10065,10215,10375,10530,10690,10845,11005,11175,11730
Ksiphos,144,4,500,Light,5,1,0.13,10,25,5,Manual,Volley,Magazine,Area damage,BLASTCHARGE,2590,2860,3135,3455,3805,4175,4600,5060,5560,6120,6730,7405,7405,7515,7630,7740,7860,7975,8100,8215,8345,8465,8595,8720,9160
Hurricane,138,4,600,Medium,8,0.17,0,1,8,1,Manual,Volley,Magazine,Homing,,1010,1111,1222,1345,1479,1626,1789,1968,2165,2381,2620,2882,2882,2925,2968,3013,3058,3104,3151,3198,3246,3295,3344,3394,3564
Splinter,147,4,600,Light,5,1,0,,6,30,Manual,Volley,Magazine,SLOWDOWN,,3450,3780,4170,4590,5040,5550,6090,6690,7380,8130,8940,9840,9840,9960,10140,10260,10410,10590,10740,10920,11070,11220,11400,11580,12150
Shatter,148,4,600,Medium,5,1,0,,6,30,Manual,Volley,Magazine,SLOWDOWN,,4740,5220,5760,6330,6930,7650,8400,9240,10170,11190,12300,13530,13530,13740,13920,14160,14370,14580,14790,15000,15270,15480,15720,15930,16740
Brisant,149,4,600,Heavy,5,1,0,,6,30,Manual,Volley,Magazine,SLOWDOWN,,7140,7830,8610,9480,10410,11460,12600,13890,15270,16770,18480,20310,20310,20610,20940,21210,21540,21870,22200,22560,22860,23220,23580,23910,25110
Tamer,150,4,500,Light,5,0.2,0,,30,1,Manual,Volley,Magazine,RUST,,442,486,535,589,647,712,783,861,948,1042,1147,1261,1261,1280,1299,1319,1338,1358,1379,1400,1420,1442,1463,1485,1560
Damper,151,4,500,Medium,5,0.2,0,,30,1,Manual,Volley,Magazine,RUST,,652,716,788,868,954,1049,1155,1270,1397,1536,1690,1859,1859,1887,1915,1944,1973,2003,2033,2064,2094,2126,2157,2190,2300
Trickster,152,4,500,Light,5,0.2,0,,30,1,Manual,Volley,Magazine,DOT,,17,19,21,23,25,28,31,33,37,41,44,49,49,50,50,51,51,52,53,54,55,56,57,58,60
Deceiver,153,4,500,Medium,5,0.2,0,,30,1,Manual,Volley,Magazine,DOT,,26,29,32,35,39,42,47,51,57,62,68,75,75,77,77,78,79,81,82,83,85,86,87,88,93
Subduer,154,4,500,Heavy,5,0.2,0,,30,1,Manual,Volley,Magazine,RUST,,1058,1165,1281,1409,1550,1705,1875,2063,2269,2496,2745,3020,3020,3065,3111,3158,3205,3254,3302,3352,3402,3452,3505,3557,3735
Shifang,157,4,100,Light,10,0.9,0.1,?,100,5,Manual,Automatic,Magazine,Lock-down,,1785,1965,2160,2375,2615,2875,3165,3480,3825,4210,4630,5095,5095,5170,5250,5325,5405,5485,5570,5655,5740,5825,5910,6000,6300
Leiming,158,4,100,Medium,10,0.9,0.1,?,100,5,Manual,Automatic,Magazine,Lock-down,,2810,3095,3405,3745,4120,4530,4985,5480,6030,6630,7295,8025,8025,8145,8265,8390,8515,8645,8775,8905,9040,9175,9315,9450,9925
Fengbao,159,4,100,Heavy,10,0.9,0.1,?,100,5,Manual,Automatic,Magazine,Lock-down,,3570,3930,4320,4750,5230,5750,6325,6960,7655,8420,9260,10185,10185,10340,10495,10655,10810,10975,11140,11305,11475,11650,11825,12000,12600
Morana,162,4,600,Light,7,0.8,0.2,10,28,2,Manual,Automatic,Magazine,Freezeblast,,2168,2384,2624,2886,3174,3492,3840,4224,4646,5112,5622,6186,6186,6278,6372,6468,6564,6664,6764,6864,6968,7072,7178,7286,7650
Chione,163,4,600,Medium,7,0.8,0.2,10,28,2,Manual,Automatic,Magazine,Freezeblast,,2168,2384,2624,2886,3174,3492,3840,4224,4646,5112,5622,6186,6186,6278,6372,6468,6564,6664,6764,6864,6968,7072,7178,7286,7650
Jotunn,164,4,600,Heavy,7,0.8,0.2,10,28,2,Manual,Automatic,Magazine,Freezeblast,,2890,3180,3498,3848,4232,4656,5120,5632,6196,6816,7498,8246,8246,8370,8496,8624,8752,8884,9018,9152,9290,9430,9570,9714,10200
Aramis,165,4,350,Light,15.9,0.1,0,,60,1,Manual,Automatic,Reloads while firing,Magnetic,,361,398,437,481,529,582,640,705,774,852,938,1030,1030,1046,1062,1078,1094,1111,1127,1144,1161,1179,1196,1215,1275
Porthos,166,4,350,Medium,15.9,0.1,0,,60,1,Manual,Automatic,Reloads while firing,Magnetic,,530,583,641,706,776,853,938,1033,1136,1250,1374,1512,1512,1534,1557,1581,1605,1629,1653,1678,1703,1729,1754,1781,1870
Athos,167,4,350,Heavy,15.9,0.1,0,,60,1,Manual,Automatic,Reloads while firing,Magnetic,,699,768,845,930,1023,1125,1237,1361,1498,1647,1812,1992,1992,2023,2053,2083,2116,2147,2179,2212,2245,2279,2313,2348,2465
Dune,168,4,600,Heavy,8,0.139,0,1,10,1,Manual,Volley,Magazine,Homing,,1652,1818,2000,2200,2420,2661,2928,3220,3542,3897,4287,4715,4715,4786,4857,4930,5005,5080,5156,5234,5312,5391,5472,5554,5832
Howler,172,4,500,Light,6,1.3,0.24,,24,4,Manual,Volley,Reloads while not firing,Area damage,Resonance,4340,4776,5252,5780,6356,6992,7692,8460,9308,10236,11260,12388,12388,12572,12760,12952,13148,13344,13544,13748,13952,14164,14376,14592,15320
Screamer,173,4,500,Heavy,6,1.3,0.24,,24,4,Manual,Volley,Reloads while not firing,Area damage,Resonance,8684,9552,10508,11556,12712,13984,15380,16920,18612,20472,22520,24772,24772,25144,25520,25904,26292,26688,27088,27492,27908,28324,28748,29180,30640
Smite,174,4,500,Light,7,1.25,0,3,10,9,Manual,Automatic,Magazine,Acceleration,Homing,2439,2682,2943,3240,3564,3924,4311,4743,5220,5742,6318,6948,6948,7056,7155,7263,7380,7488,7596,7713,7830,7947,8064,8190,8595
Discipline,175,4,500,Medium,7,1.25,0,3,10,9,Manual,Automatic,Magazine,Acceleration,Homing,3663,4023,4428,4869,5355,5895,6480,7128,7848,8631,9495,10440,10440,10602,10755,10917,11079,11250,11421,11592,11763,11943,12114,12303,12915
Growler,176,4,500,Medium,6,1.3,0.24,,24,4,Manual,Volley,Reloads while not firing,Area damage,Resonance,6516,7168,7888,8676,9544,10496,11548,12700,13972,15368,16904,18596,18596,18876,19156,19444,19736,20032,20332,20640,20948,21264,21580,21904,23000
Regulator,177,4,800,Medium,6,0.2,0,,20,1,Manual,Volley,Magazine,,,893,982,1080,1188,1307,1438,1581,1739,1913,2105,2315,2547,2547,2585,2624,2663,2703,2744,2785,2827,2869,2912,2956,3000,3150
Gangil,180,4,350,Light,9.6,1.2,0,15,96,16,Manual,Volley,Reloads while firing,RUST,,6032,6640,7296,8032,8832,9712,10688,11744,12928,14224,15648,17200,17200,17456,17728,17984,18256,18528,18816,19088,19376,19680,19968,20272,21280
Mogwan,181,4,350,Medium,9.6,1.2,0,15,96,16,Manual,Volley,Reloads while firing,RUST,,9072,9968,10976,12064,13280,14608,16064,17664,19440,21376,23520,25872,25872,26256,26656,27056,27456,27872,28288,28720,29152,29584,30032,30480,32000
Kirin,182,4,350,Heavy,9.6,1.2,0,15,96,16,Manual,Volley,Reloads while firing,RUST,,12064,13264,14592,16048,17664,19424,21360,23504,25856,28432,31280,34416,34416,34928,35456,35984,36528,37072,37632,38192,38768,39344,39936,40528,42560
Leinani Rifle,185r,4,600,Heavy,6,0.1,0,1,64,1,Manual,Automatic,Magazine,,,506,556,612,673,741,815,896,986,1084,1193,1312,1443,1443,1465,1487,1509,1532,1555,1578,1602,1626,1650,1675,1700,1785
Leinani Blaster,185b,4,600,Heavy,6,1.25,0,20,8,1,Manual,Automatic,Magazine,,,7590,8340,9180,10095,11115,12225,13440,14790,16260,17895,19680,21645,21645,21975,22305,22635,22980,23325,23670,24030,24390,24750,25125,25500,26775
Nanea Rifle,186r,4,600,Medium,6,0.1,0,1,64,1,Manual,Automatic,Magazine,,,380,418,459,505,556,612,673,740,814,895,985,1083,1083,1100,1116,1133,1150,1167,1185,1202,1220,1239,1257,1276,1340
Nanea Blaster,186b,4,600,Medium,6,1.25,0,20,8,1,Manual,Automatic,Magazine,,,5700,6270,6885,7575,8340,9180,10095,11100,12210,13425,14775,16245,16245,16500,16740,16995,17250,17505,17775,18030,18300,18585,18855,19140,20100
ARM L-83,187,4,500,Medium,7,0.3,0,,20,1,Manual,Automatic,Magazine,Percentage Damage,,1078,1195,1313,1430,1548,1665,1783,1900,2018,2135,2253,2371,2608,2733,2859,2985,3111,3236,3362,3488,3614,3739,3865,3991,4310
ARM M-80,188,4,500,Medium,7,0.3,0,,20,1,Manual,Automatic,Magazine,Percentage Damage,,1910,2101,2311,2542,2796,3076,3384,3722,4094,4504,4954,5449,5449,5531,5614,5698,5784,5870,5959,6048,6139,6231,6324,6419,6740
Hedjet,190,4,150,Light,8,0.2,0,5,8,1,Manual,Automatic,Magazine,SLOWDOWN,,1629,1792,1972,2169,2386,2624,2887,3175,3493,3842,4226,4649,4649,4719,4789,4861,4934,5008,5083,5160,5237,5316,5395,5476,5750
Deshret,191,4,150,Medium,8,0.2,0,5,8,1,Manual,Automatic,Magazine,SLOWDOWN,,2444,2689,2957,3253,3578,3936,4330,4763,5239,5763,6339,6973,6973,7078,7184,7292,7401,7512,7625,7739,7855,7973,8093,8214,8625
Pshent,192,4,150,Heavy,8,0.2,0,5,8,1,Manual,Automatic,Magazine,SLOWDOWN,,3259,3585,3943,4338,4771,5248,5773,6351,6986,7684,8453,9298,9298,9437,9579,9723,9868,10016,10167,10319,10474,10631,10791,10952,11500
Piercer,193,4,1100,Heavy,17.5,1,0,,7,1,Manual,Automatic,Reloads while firing,Fatigue,,1063,1169,1286,1414,1556,1711,1883,2071,2278,2506,2756,3032,3032,3077,3124,3170,3218,3266,3315,3365,3415,3467,3519,3571,3750
Boom,196,4,600,Heavy,5,1,0,19,1,1,Manual,Volley,Magazine,Area damage,Deathmark,10202,11222,12344,13578,14936,16430,18073,19880,21868,24055,26460,29106,29106,29543,29986,30436,30892,31356,31826,32303,32788,33280,33779,34286,36000
Bash,197,4,600,Medium,5,1,0,19,1,1,Manual,Volley,Magazine,Area damage,Deathmark,7651,8416,9258,10184,11202,12322,13555,14910,16401,18041,19845,21830,21830,22157,22490,22827,23169,23517,23870,24228,24591,24960,25334,25714,27000
Pow,198,4,600,Light,5,1,0,19,1,1,Manual,Volley,Magazine,Area damage,Deathmark,5101,5611,6172,6789,7468,8215,9036,9940,10934,12027,13230,14553,14553,14771,14993,15218,15446,15678,15913,16152,16394,16640,16890,17143,18000
Murix,199,4,600,Medium,5,1.5,0.4,19,6,60,Manual,Volley,Magazine,DOT,,29750,32750,36000,39600,43550,47900,52700,58000,63800,70150,77200,84900,84900,86150,87450,88750,90100,91450,93050,94200,95650,97050,98500,100000,105000
Elox,200,4,600,Light,5,1.5,0.4,19,6,60,Manual,Volley,Magazine,DOT,,19040,20960,23040,25344,27872,30656,33728,37120,40832,44896,49408,54336,54336,55136,55968,56800,57664,58528,59424,60288,61216,62112,63040,64000,67200
Pilum,201,4,600,Heavy,5,0.96,0.137,10,24,2,Manual,Automatic,Magazine,Area damage,BLASTCHARGE,8162,8978,9876,10862,11948,13144,14458,15904,17494,19244,21168,23286,23286,23634,23988,24348,24714,25084,25460,25842,26230,26624,27024,27428,28800
Gladius,202,4,600,Medium,5,0.96,0.137,10,24,2,Manual,Automatic,Magazine,Area damage,BLASTCHARGE,4080,4488,4938,5432,5974,6572,7230,7952,8748,9622,10584,11642,11642,11818,11994,12174,12356,12542,12730,12922,13116,13312,13512,13714,14400
Ultimate Orkan,20.1,4,350,Medium,7.2,0.12,0,10,25,1,Manual,Volley,Reloads while firing,,,950,1050,1150,1260,1360,1470,1570,1680,1780,1880,1990,2090,2299,2400,2500,2630,2740,2850,2970,3080,3190,3300,3400,3500,3800
Ultimate Pulsar,46.1,4,600,Medium,4,0.22,0,,24,1,Manual,Automatic,Magazine,Lock-down,,1030,1140,1250,1360,1470,1580,1700,1800,1900,2030,2140,2260,2480,2600,2720,2840,2960,3080,3200,3320,3440,3560,3680,3800,4100
Ultimate Corona,49.1,4,500,Medium,6,0.5,0,,5,20,Manual,Volley,Reloads while firing,Lock-down,,8240,8800,9900,11000,12100,13200,14300,15940,17340,19240,20900,23100,23100,23640,23940,24200,24740,25300,25600,25840,26400,26940,27240,27500,28900
Ultimate Blaze,54.1,4,350,Light,5,0.05,0,7,200,1,Manual,Automatic,Magazine,Area damage,SLOWDOWN,313,347,381,415,449,483,517,551,585,619,653,688,756,793,829,866,902,939,975,1012,1048,1084,1121,1157,1250
Ultimate Igniter,58.1,4,350,Medium,5,0.05,0,7,200,1,Manual,Automatic,Magazine,Area damage,SLOWDOWN,463,513,563,614,664,715,765,816,866,917,967,1018,1119,1173,1227,1281,1335,1389,1443,1497,1551,1605,1659,1713,1850
Ultimate Avenger,44.1,4,500,Heavy,8,0.09,0,,220,2,Manual,Automatic,Magazine,Acceleration,Defense Mitigation,660,720,800,860,940,1000,1080,1140,1220,1300,1360,1400,1580,1660,1720,1800,1880,1960,2020,2100,2180,2260,2340,2400,2600
Ultimate Punisher T,8.1,4,500,Medium,8,0.09,0,,220,1,Manual,Automatic,Magazine,Acceleration,Defense Mitigation,400,450,490,530,580,620,660,700,750,800,840,880,970,1020,1060,1100,1150,1200,1250,1300,1340,1390,1440,1480,1600
Ultimate Halo,48.1,4,500,Light,3.6,0.25,0,,5,10,Manual,Volley,Reloads while firing,Lock-down,,3320,3780,4010,4530,4990,5520,6050,6650,7340,8010,8850,9680,9680,9760,9980,10130,10280,10510,10670,10820,10970,11190,11340,11490,12070
Ultimate Glory,50.1,4,500,Heavy,6,0.5,0,,5,20,Manual,Volley,Reloads while firing,Lock-down,,9800,10880,12160,13200,14480,16180,17700,19600,21300,23660,26000,28360,28360,28980,29400,29820,30480,31100,31540,31960,32620,33040,33660,34100,35800
Ultimate Calamity,56.1,4,600,Heavy,3,0.1,0,,50,1,Manual,Automatic,Magazine,Close combat,,400,444,487,531,575,618,662,705,749,793,836,968,968,1015,1061,1108,1155,1201,1248,1295,1341,1388,1435,1481,1600
Ultimate Ion,38.1,4,600,Medium,5,1,0.1,,15,15,Manual,Volley,Magazine,,,16425,18210,20010,21795,23595,25380,27180,28965,30765,32550,34350,36135,39750,41670,43575,45495,47415,49335,51255,53160,55080,57000,58920,60840,65700
Ultimate Shocktrain,28.1,4,500,Medium,8,1,0,,5,5,Manual,Single,Magazine,Chain damage,,13750,15250,16750,18250,19750,21250,22750,24250,25750,27250,28750,30250,33275,34880,36485,38090,39695,41295,42905,44510,46110,47715,49320,50925,55000
Ultimate Scourge,25.1,4,600,Medium,3,0.1,0,,50,1,Manual,Automatic,Magazine,,,350,388,426,465,503,541,579,617,655,694,732,770,847,888,929,970,1010,1051,1092,1133,1174,1215,1255,1296,1400
Ultimate Dragoon,36.1,4,600,Heavy,12,0.5,0,,12,1,Manual,Automatic,Reloads while firing,,,2900,3216,3533,3849,4165,4482,4798,5115,5431,5747,6064,6380,7018,7356,7695,8033,8372,8710,9049,9387,9725,10064,10402,10741,11600
Ultimate Hussar,59.1,4,600,Medium,12,0.5,0,,12,1,Manual,Automatic,Reloads while firing,,,2300,2551,2802,3053,3304,3555,3805,4056,4307,4558,4809,5060,5566,5834,6103,6371,6640,6908,7176,7445,7713,7982,8250,8519,9200
Ultimate Storm,32.1,4,500,Medium,11.2,0.5,0,,8,8,Manual,Volley,Reloads while firing,Close combat,,8384,9224,10152,11168,12280,13512,14856,16344,17984,19776,21760,23928,23928,24288,24656,25024,25400,25784,26168,26560,26960,27360,27776,28192,29600
Ultimate Shredder,47.1,4,500,Light,5,0.13,0,,40,1,Manual,Volley,Magazine,Lock-down,,1475,1636,1797,1958,2119,2280,2440,2601,2762,2923,3084,3245,3570,3742,3914,4086,4258,4430,4602,4774,4947,5119,5291,5463,5900
Ultimate Vortex,37.1,4,350,Medium,6,1,0,,1,6,Manual,Volley,Magazine,Homing,,40164,44544,48924,53304,57690,62070,66450,70830,75216,79596,83976,88356,97194,101880,106566,111252,115944,120630,125316,130002,134688,139374,144066,148752,160650
Ultimate Tulumbas,21.1,4,500,Medium,10,0.23,0,21,10,1,Manual,Volley,Reloads while firing,Area damage,Barrage,2125,2357,2589,2820,3052,3284,3516,3748,3980,4211,4443,4675,5143,5390,5638,5886,6134,6382,6630,6878,7126,7374,7622,7870,8500
Ultimate Havoc,78.1,4,200,Medium,5.6,0.4,0,,32,28,Manual,Volley,Reloads while firing,,,5600,6210,6821,7431,8042,8652,9268,9878,10489,11099,11710,12320,13552,14207,14857,15512,16167,16822,17472,18127,18782,19432,20087,20742,22400
Ultimate ARM L-83,187.1,4,500,Medium,7,0.3,0,,20,1,Manual,Automatic,Magazine,Percentage Damage,,1132,1255,1379,1502,1625,1748,1872,1995,2119,2242,2366,2490,2738,2870,3002,3134,3267,3398,3530,3662,3795,3926,4058,4191,4526
Ultimate ARM M-80,188.1,4,500,Medium,7,0.3,0,,20,1,Manual,Automatic,Magazine,Percentage Damage,,2006,2206,2427,2669,2936,3230,3553,3908,4299,4729,5202,5721,5721,5808,5895,5983,6073,6164,6257,6350,6336,6543,6640,6740,7077
Ultimate Cryo,60.1,4,350,Medium,10.5,0.04,0,16,35,1,Manual,Volley,Reloads while firing,Area damage,Freeze,1000,1109,1218,1327,1436,1545,1655,1764,1873,1982,2091,2200,2420,2537,2653,2770,2887,3004,3120,3237,3354,3470,3587,3704,4000
Ultimate Wasp,52.1,4,600,Medium,6,1,0.4,,24,1,Manual,Automatic,Magazine,DOT,,1925,2135,2345,2555,2765,2975,3185,3395,3815,4025,4235,4659,4659,4883,5108,5332,5557,5782,6006,6231,6456,6680,6905,7130,7700
Cuirassier,63,2,600,Beta,12,0.75,0,,6,1,Manual,Automatic,Reloads while firing,,,4048,4127,4206,4286,4365,4444,4523,4602,4682,4761,4840,4928,5016,5104,5192,5280,5368,5456,5544,5632,5720,5808,5896,5984,6072
Gendarme,64,2,600,Alpha,12.006,0.5,0,,9,1,Manual,Automatic,Reloads while firing,,,3547,3615,3682,3751,3819,3887,3955,4023,4091,4167,4244,4321,4397,4474,4551,4626,4703,4780,4856,4933,5010,5086,5163,5240,5316
Retaliator,65,1,500,Beta,10,0.09,0,,220,1,Manual,Automatic,Magazine,Acceleration,,655,669,684,698,712,727,741,755,769,784,798,812,827,841,855,869,884,898,912,927,941,955,969,984,998
Vengeance,66,1,500,Alpha,10,0.215,0,,94,1,Manual,Automatic,Magazine,Acceleration,,1768,1802,1836,1870,1904,1938,1972,2006,2040,2074,2108,2142,2176,2210,2244,2278,2312,2355,2397,2440,2482,2525,2567,2610,2652
Rupture,67,2,500,Beta,26.048,0.25,0,20,16,1,Manual,Volley,Reloads while firing,Area damage,,2673,2728,2783,2838,2893,2948,3003,3058,3113,3168,3223,3278,3333,3388,3443,3498,3553,3608,3663,3718,3773,3828,3883,3949,4015
Tsar,68,2,500,Alpha,10,0.33,0,20,3,1,Manual,Single,Magazine,Area damage,,9060,9246,9433,9619,9805,9992,10178,10364,10551,10737,10923,11109,11296,11482,11668,11855,12048,12241,12434,12627,12821,13014,13207,13400,13593
Cyclone,72,3,600,Beta,10,0.1,0,,220,1,Target lock-on,Automatic,Magazine,Close combat,,459,471,484,490,496,508,520,526,532,544,556,562,568,580,592,605,611,617,629,641,653,665,677,689,701
Cataclysm,73,3,600,Alpha,10,0.1,0,,220,1,Target lock-on,Automatic,Magazine,Close combat,,865,880,894,908,924,939,954,970,985,1002,1018,1035,1051,1069,1086,1104,1123,1141,1160,1179,1199,1218,1238,1259,1280
Squall,80,3,500,Beta,21,1,0,,14,25,Manual,Volley,Reloads while firing,Close combat,,14750,15000,15250,15500,15800,16050,16325,16600,16875,17175,17475,17775,18050,18375,18675,19000,19325,19650,20000,20325,20675,21025,21400,21750,22125
Grom,81,3,500,Alpha,13,1,0,,10,25,Manual,Volley,Reloads while firing,Close combat,,24100,24500,24925,25350,25800,26200,26650,27125,27575,28050,28525,29000,29500,30025,30525,31025,31550,32100,32650,33200,33775,34325,34925,35500,36125
Krait,87,3,500,Beta,9,0.13,0,,100,1,Manual,Automatic,Magazine,DOT,,1170,1197,1224,1251,1278,1305,1332,1359,1386,1413,1440,1467,1494,1521,1548,1575,1602,1629,1656,1683,1710,1737,1764,1791,1818
Striker,88,3,800,Alpha,8,0,0,,6,6,Manual,Single,Accumulates charges,Chain damage,,21204,21642,22086,22524,22968,23400,23850,24282,24726,25170,25608,26046,26490,26928,27372,27810,28254,28686,29136,29574,30012,30456,30894,31332,31782
Kisten,92,3,500,Beta,8,1,0,10,2,9,Target lock-on,Volley,Magazine,Homing,,34983,35712,36441,37161,37899,38610,39357,40068,40797,41535,42255,42975,43713,44433,45162,45891,46620,47331,48078,48798,49518,50256,50976,51696,52443
Bulava,93,3,500,Alpha,8,1,0,10,2,12,Target lock-on,Volley,Magazine,Homing,,18216,18480,18816,19080,19404,19740,20004,20328,20592,20928,21252,21516,21852,22116,22440,22776,23100,23496,23892,24288,24624,25020,25416,25812,26136
Basilisk,99,3,500,Alpha,9,0.13,0,,100,1,Manual,Automatic,Magazine,DOT,,2107,2142,2179,2216,2253,2292,2331,2370,2411,2452,2493,2536,2579,2623,2667,2713,2759,2806,2853,2902,2951,3001,3052,3104,3157
Cinder,100,3,0,Beta,15,0.33,0,130,40,1,Manual,Volley,Reloads while not firing,Area damage,,1823,1863,1904,1944,1985,2025,2066,2106,2147,2187,2228,2268,2309,2349,2390,2430,2475,2525,2574,2624,2673,2718,2768,2817,2867
Lantern,104,4,600,Beta,5,0.1,0,,100,1,Manual,Automatic,Magazine,BLIND,,624,636,646,656,667,680,691,703,714,727,739,751,765,777,791,805,817,831,846,860,875,890,904,920,936
Dazzler,105,4,600,Alpha,5,0.1,0,,100,1,Manual,Automatic,Magazine,BLIND,,743,754,767,780,793,808,822,834,849,863,879,893,908,924,941,956,971,988,1005,1022,1039,1058,1075,1093,1112
Pantagruel,109,4,500,Beta,12,0.1,0,30,60,1,Manual,Volley,Reloads while firing,Magnetic,,502,513,523,534,544,555,565,576,586,597,607,618,628,638,649,659,670,680,691,701,712,722,732,743,753
Gargantua,110,4,500,Alpha,12,0.1,0,30,60,1,Manual,Volley,Reloads while firing,Magnetic,,780,797,813,830,846,862,879,895,911,927,944,960,976,992,1009,1025,1041,1057,1074,1090,1106,1123,1139,1155,1171
Vajra,114,4,500,Beta,5,0.8,0,,15,8,Manual,Volley,Magazine,,,23440,23976,24512,25048,25592,26128,26664,27200,27736,28272,28808,29352,29888,30424,30960,31496,32032,32568,33112,33648,34184,34720,35256,35792,36336
Maha-Vajra,115,4,500,Alpha,5,0.8,0,,15,12,Manual,Volley,Magazine,,,35160,35964,36768,37572,38388,39192,39996,40800,41604,42408,43212,44028,44832,45636,46440,47244,48048,48852,49668,50472,51276,52080,52884,53688,54504
Lance,121,4,500,Beta,1.1,1.1,0,,1,1,Manual,Automatic,Magazine,,,7947,8102,8257,8412,8567,8722,8877,9032,9187,9342,9497,9652,9807,9962,10117,10272,10427,10582,10737,10892,11047,11202,11357,11512,11667
Glaive,122,4,500,Alpha,1.1,1.1,0,,1,1,Manual,Automatic,Magazine,,,10753,10965,11177,11388,11600,11812,12023,12235,12447,12658,12870,13082,13293,13505,13717,13928,14140,14352,14563,14775,14987,15198,15410,15622,15833
Evora,126,4,500,Beta,8,0.07,0,,125,2,Manual,Automatic,Magazine,Acceleration,Durability damage,1690,1720,1750,1778,1810,1838,1872,1902,1936,1968,2002,2036,2070,2104,2142,2178,2214,2252,2290,2332,2368,2410,2450,2492,2534
Veyron,127,4,500,Alpha,8,0.07,0,,125,2,Manual,Automatic,Magazine,Acceleration,Durability damage,2232,2270,2306,2348,2386,2428,2470,2512,2554,2598,2642,2686,2732,2778,2824,2874,2920,2974,3022,3072,3126,3178,3234,3288,3344
Argon,140,4,300,Alpha,28,0.15,0,20,70,1,Manual,Volley,Reloads while firing,Area damage,Freeze,2980,3027,3075,3123,3173,3222,3273,3325,3377,3430,3484,3539,3595,3651,3709,3767,3827,3887,3948,4010,4073,4137,4203,4269,4336
Oxy,141,4,300,Beta,28,0.15,0,20,70,1,Manual,Volley,Reloads while firing,Area damage,Freeze,2272,2306,2343,2379,2417,2455,2494,2533,2573,2613,2654,2696,2739,2782,2826,2870,2915,2961,3008,3055,3103,3152,3202,3252,3303
Fulgur,145,4,800,Beta,12,0.1,0,,10,1,Manual,Volley,Magazine,,,1681,1709,1738,1768,1798,1829,1760,1891,1924,1956,1989,2023,2058,2093,2128,2164,2201,2239,2277,2315,2355,2395,2435,2477,2519
Tonans,146,4,800,Alpha,12,0.1,0,,10,1,Manual,Volley,Magazine,,,2182,2219,2257,2295,2334,2374,2414,2455,2497,2539,2583,2626,2671,2717,2763,2810,2857,2906,2955,3006,3057,3109,3162,3215,3270
Tumultus,155,4,600,Beta,28,0.2,0,,140,2,Manual,Automatic,Reloads while firing,Acceleration,Homing,1394,1416,1442,1466,1490,1516,1542,1568,1594,1622,1650,1678,1706,1734,1764,1794,1824,1856,1888,1920,1952,1986,2018,2054,2088
Discordia,156,4,600,Alpha,28,0.2,0,,140,2,Manual,Automatic,Reloads while firing,Acceleration,Homing,1820,1852,1882,1914,1948,1980,2014,2048,2084,2118,2154,2192,2228,2266,2304,2344,2384,2424,2466,2508,2550,2594,2638,2682,2728
Ultimate Gendarme,64.1,4,800,Alpha,12,0.5,0,,12,1,Manual,Automatic,Reloads while firing,,,4807,4903,5001,5101,5203,5307,5413,5521,5632,5744,5859,5976,6096,6705,6840,6976,7116,7258,7403,7551,7702,7857,8014,8174,9400
Pyro,160,4,350,Beta,5.5,0.1,0,20,100,0,Manual,Unlimited ammo,,,,691,704,702,734,747,765,778,792,810,826,842,860,945,963,981,1001,1022,1042,1064,1084,1107,1130,1152,1174,1350
Inferno,161,4,350,Alpha,5.5,0.1,0,20,100,0,Manual,Unlimited ammo,,,,1020,1044,1064,1086,1108,1130,1152,1174,1198,1222,1248,1272,1400,1426,1456,1484,1514,1544,1576,1606,1640,1672,1706,1740,2000
Vendicatore,169,4,1100,Alpha,15,0.35,0,,2,1,Manual,Volley,Magazine,Slowing,,25620,26058,26502,26952,27408,27876,28350,28836,29322,29820,30330,30846,31368,31902,32442,32994,33558,34128,34710,35298,35898,36510,37128,37758,38400
Ruiner,170,4,500,Beta,5,1.5,0.3,,6,60,Manual,Volley,Magazine,DOT,,48600,49380,50220,51120,51960,52860,53760,54660,55560,56520,57480,58440,59460,60480,61500,62580,63600,64680,65820,66900,68040,69240,70380,71580,72780
Anguisher,171,4,500,Alpha,5,1.5,0.3,,6,60,Manual,Volley,Magazine,DOT,,72900,74100,75360,76680,77940,79260,80640,81960,83400,84780,86220,87720,89220,90720,92280,93840,95400,97080,98700,100380,102060,103800,105600,107400,109200
Ultimate Squall,80.1,4,500,Beta,25.2,1,0,,14,25,Manual,Volley,Reloads while firing,Close combat,,14275,14500,14750,15000,15250,15525,15811,16050,16325,16600,16875,17175,17450,17750,18050,18375,18675,19000,19325,19650,19975,20325,20675,21025,21375
Equalizer,178,4,600,Beta,2,2,0,10,1,0,Manual,Unlimited ammo,Acceleration,,,2002,2036,2070,2106,2141,2178,2215,2253,2291,2330,2369,2410,2451,2492,2535,2578,2622,2666,2711,2758,2804,2852,2901,2950,3000
Arbiter,179,4,600,Alpha,9,-,-,10,-,-,Manual,Automatic,Acceleration,Overheat,Area damage,2436,2477,2519,2562,2605,2650,2695,2741,2787,2835,2883,2932,2982,3032,3084,3136,3190,3244,3299,3355,3412,3470,3529,3589,3650
Muninn,183,4,350,Beta,7,0.1,0,,60,1,Manual,Automatic,Magazine,Chain Damage,,2669,2714,2761,2808,2855,2904,2953,3003,3054,3106,3159,3213,3267,3323,3379,3437,3495,3555,3515,3677,3739,3803,3867,3933,4000
Huginn,184,4,350,Alpha,7,0.1,0,,60,1,Manual,Automatic,Magazine,Chain Damage,,3870,3936,4003,4071,4140,4210,4282,4355,4429,4504,4581,4659,4738,4818,4900,4984,5068,5154,5242,5331,5422,5514,5608,5703,5800
Ultimate Grom,81.1,4,500,Alpha,25.2,1,0,,14,25,Manual,Volley,Reloads while firing,Close combat,,55625,56575,57550,58525,59525,60525,61550,62600,63675,64750,65850,66975,68100,69275,70450,71650,72850,74100,75350,76625,77950,79275,80600,81975,83375